    n, insertion_cmp, insertion_swaps, insertion_time, merge_cmp, merge_swaps, merge_time
    0,             0,               0,              0,         0,           0,          0
   10,            13,               6,              3,        18,           0,          9
   20,            29,              12,              6,        47,           0,         23
   30,            44,              17,              8,        79,           0,         36
   40,            61,              24,             13,       114,           0,         52
   50,            78,              31,             15,       153,           0,         66
   60,            90,              33,             18,       189,           0,         82
   70,           101,              34,             20,       221,           0,         95
   80,           112,              35,             21,       261,           0,        111
   90,           125,              38,             22,       297,           0,        127
  100,           135,              38,             23,       342,           0,        143
  110,           149,              42,             27,       376,           0,        157
  120,           164,              47,             30,       428,           0,        175
  130,           178,              51,             33,       475,           0,        193
  140,           193,              56,             34,       508,           0,        211
  150,           208,              61,             37,       549,           0,        217
  160,           220,              63,             40,       599,           0,        234
  170,           238,              71,             43,       637,           0,        249
  180,           253,              76,             45,       686,           0,        268
  190,           274,              87,             51,       737,           0,        289
  200,           284,              87,             52,       788,           0,        305
  210,           300,              93,             56,       824,           0,        320
  220,           314,              97,             58,       873,           0,        335
  230,           331,             104,             61,       932,           0,        355
  240,           346,             109,             65,       984,           0,        376
  250,           361,             114,             68,      1041,           0,        391
  260,           379,             122,             72,      1088,           0,        409
  270,           390,             123,             71,      1120,           0,        427
  280,           402,             125,             74,      1159,           0,        407
  290,           419,             132,             72,      1210,           0,        422
  300,           433,             136,             76,      1252,           0,        439
  310,           445,             138,             76,      1296,           0,        461
  320,           458,             141,             78,      1362,           0,        481
  330,           470,             143,             82,      1393,           0,        488
  340,           484,             147,             82,      1439,           0,        504
  350,           496,             149,             85,      1504,           0,        523
  360,           513,             156,             89,      1554,           0,        542
  370,           529,             162,             91,      1619,           0,        564
  380,           544,             167,             94,      1660,           0,        573
  390,           559,             172,             97,      1717,           0,        597
  400,           572,             175,             99,      1771,           0,        609
  410,           590,             183,            101,      1810,           0,        627
  420,           603,             186,            108,      1860,           0,        644
  430,           615,             188,            107,      1916,           0,        661
  440,           627,             190,            107,      1966,           0,        665
  450,           645,             198,            108,      2029,           0,        669
  460,           664,             207,            128,      2087,           0,        705
  470,           677,             210,            115,      2143,           0,        706
  480,           688,             211,            116,      2204,           0,        724
  490,           701,             214,            117,      2263,           0,        739
  500,           715,             218,            118,      2325,           0,        775
  510,           728,             221,            124,      2394,           0,        785
  520,           740,             223,            122,      2428,           0,        798
  530,           756,             229,            124,      2466,           0,        799
  540,           767,             230,            124,      2511,           0,        818
  550,           781,             234,            128,      2551,           0,        827
  560,           799,             242,            130,      2602,           0,        850
  570,           814,             247,            133,      2651,           0,        868
  580,           828,             251,            137,      2706,           0,        885
  590,           841,             254,            145,      2758,           0,        907
  600,           854,             257,            138,      2803,           0,        899
  610,           870,             263,            140,      2845,           0,        913
  620,           880,             263,            144,      2901,           0,        944
  630,           893,             266,            143,      2963,           0,        946
  640,           907,             270,            149,      3040,           0,        970
  650,           920,             273,            147,      3071,           0,        978
  660,           935,             278,            151,      3113,           0,        992
  670,           949,             282,            154,      3180,           0,       1012
  680,           963,             286,            155,      3218,           0,       1026
  690,           974,             287,            155,      3280,           0,       1044
  700,           994,             297,            163,      3354,           0,       1065
  710,          1011,             304,            163,      3411,           0,       1085
  720,          1022,             305,            165,      3466,           0,       1099
  730,          1039,             312,            167,      3521,           0,       1115
  740,          1055,             318,            172,      3594,           0,       1135
  750,          1069,             322,            173,      3645,           0,       1152
  760,          1086,             329,            176,      3709,           0,       1169
  770,          1102,             335,            178,      3791,           0,       1190
  780,          1117,             340,            183,      3827,           0,       1209
  790,          1129,             342,            182,      3872,           0,       1222
  800,          1144,             347,            185,      3931,           0,       1237
  810,          1156,             349,            185,      3986,           0,       1255
  820,          1171,             354,            190,      4030,           0,       1271
  830,          1181,             354,            190,      4097,           0,       1322
  840,          1194,             357,            193,      4141,           0,       1312
  850,          1208,             361,            195,      4193,           0,       1341
  860,          1222,             365,            201,      4251,           0,       1456
  870,          1232,             365,            244,      4302,           0,       1503
  880,          1247,             370,            205,      4364,           0,       1400
  890,          1261,             374,            207,      4443,           0,       1422
  900,          1274,             377,            210,      4490,           0,       1435
  910,          1292,             385,            211,      4561,           0,       1455
  920,          1304,             387,            215,      4621,           0,       1471
  930,          1324,             397,            221,      4684,           0,       1495
  940,          1335,             398,            221,      4745,           0,       1513
  950,          1351,             404,            221,      4798,           0,       1528
  960,          1366,             409,            227,      4883,           0,       1550
  970,          1376,             409,            226,      4911,           0,       1563
  980,          1392,             415,            231,      5007,           0,       1587
  990,          1406,             419,            232,      5075,           0,       1602
 1000,          1421,             424,            235,      5143,           0,       1621
 1010,          1443,             436,            240,      5225,           0,       1660
 1020,          1460,             443,            263,      5291,           0,       1690
 1030,          1473,             446,            243,      5339,           0,       1695
 1040,          1489,             452,            247,      5372,           0,       1711
 1050,          1502,             455,            249,      5428,           0,       1727
 1060,          1516,             459,            254,      5469,           0,       1740
 1070,          1529,             462,            252,      5514,           0,       1768
 1080,          1541,             464,            256,      5574,           0,       1799
 1090,          1554,             467,            257,      5625,           0,       1801
 1100,          1568,             471,            261,      5654,           0,       1817
 1110,          1580,             473,            261,      5706,           0,       1834
 1120,          1590,             473,            263,      5768,           0,       1850
 1130,          1600,             473,            262,      5815,           0,       1868
 1140,          1614,             477,            268,      5876,           0,       1886
 1150,          1631,             484,            273,      5946,           0,       1915
 1160,          1642,             485,            267,      5975,           0,       1887
 1170,          1656,             489,            272,      6042,           0,       1940
 1180,          1668,             491,            273,      6098,           0,       1956
 1190,          1681,             494,            277,      6143,           0,       1968
 1200,          1700,             503,            281,      6206,           0,       1996
 1210,          1714,             507,            285,      6260,           0,       2007
 1220,          1725,             508,            284,      6297,           0,       2021
 1230,          1740,             513,            288,      6383,           0,       2044
 1240,          1752,             515,            290,      6424,           0,       2062
 1250,          1772,             525,            292,      6501,           0,       2080
 1260,          1789,             532,            295,      6567,           0,       2099
 1270,          1804,             537,            298,      6641,           0,       2121
 1280,          1817,             540,            300,      6720,           0,       2146
 1290,          1828,             541,            301,      6738,           0,       2152
 1300,          1843,             546,            303,      6798,           0,       2171
 1310,          1855,             548,            305,      6844,           0,       2189
 1320,          1867,             550,            307,      6881,           0,       2204
 1330,          1884,             557,            309,      6958,           0,       2221
 1340,          1895,             558,            316,      7023,           0,       2237
 1350,          1907,             560,            314,      7065,           0,       2259
 1360,          1921,             564,            319,      7113,           0,       2273
 1370,          1936,             569,            319,      7184,           0,       2290
 1380,          1950,             573,            324,      7249,           0,       2316
 1390,          1966,             579,            324,      7316,           0,       2329
 1400,          1978,             581,            329,      7391,           0,       2351
 1410,          1990,             583,            327,      7450,           0,       2372
 1420,          2006,             589,            330,      7500,           0,       2392
 1430,          2019,             592,            333,      7558,           0,       2406
 1440,          2031,             594,            334,      7621,           0,       2441
 1450,          2043,             596,            343,      7694,           0,       2654
 1460,          2064,             607,            355,      7755,           0,       2436
 1470,          2074,             607,            345,      7830,           0,       2437
 1480,          2091,             614,            339,      7913,           0,       2464
 1490,          2105,             618,            340,      7946,           0,       2476
 1500,          2117,             620,            343,      8030,           0,       2501
 1510,          2129,             622,            344,      8100,           0,       2533
 1520,          2143,             626,            345,      8165,           0,       2537
 1530,          2158,             631,            348,      8266,           0,       2563
 1540,          2173,             636,            350,      8329,           0,       2579
 1550,          2184,             637,            351,      8368,           0,       2607
 1560,          2198,             641,            355,      8407,           0,       2622
 1570,          2211,             644,            362,      8459,           0,       2638
 1580,          2226,             649,            360,      8501,           0,       2645
 1590,          2238,             651,            362,      8581,           0,       2663
 1600,          2252,             655,            364,      8648,           0,       2694
 1610,          2269,             662,            367,      8701,           0,       2723
 1620,          2283,             666,            370,      8749,           0,       2720
 1630,          2302,             675,            373,      8808,           0,       2738
 1640,          2319,             682,            375,      8859,           0,       2762
 1650,          2332,             685,            377,      8920,           0,       2771
 1660,          2344,             687,            387,      8999,           0,       2818
 1670,          2357,             690,            383,      9045,           0,       2810
 1680,          2371,             694,            384,      9096,           0,       2825
 1690,          2386,             699,            387,      9156,           0,       2851
 1700,          2399,             702,            390,      9214,           0,       2872
 1710,          2410,             703,            401,      9276,           0,       2879
 1720,          2426,             709,            391,      9348,           0,       2900
 1730,          2439,             712,            394,      9406,           0,       2910
 1740,          2453,             716,            396,      9469,           0,       2930
 1750,          2464,             717,            396,      9546,           0,       2976
 1760,          2477,             720,            401,      9619,           0,       2974
 1770,          2488,             721,            402,      9699,           0,       2990
 1780,          2506,             729,            404,      9756,           0,       3011
 1790,          2519,             732,            406,      9853,           0,       3067
 1800,          2530,             733,            408,      9873,           0,       3051
 1810,          2541,             734,            409,      9952,           0,       3073
 1820,          2555,             738,            411,     10008,           0,       3092
 1830,          2571,             744,            415,     10069,           0,       3125
 1840,          2583,             746,            417,     10135,           0,       3134
 1850,          2598,             751,            419,     10203,           0,       3145
 1860,          2610,             753,            421,     10275,           0,       3169
 1870,          2623,             756,            426,     10344,           0,       3195
 1880,          2637,             760,            425,     10391,           0,       3223
 1890,          2650,             763,            432,     10465,           0,       3216
 1900,          2665,             768,            428,     10519,           0,       3236
 1910,          2681,             774,            432,     10621,           0,       3262
 1920,          2699,             782,            437,     10694,           0,       3282
 1930,          2710,             783,            436,     10753,           0,       3296
 1940,          2725,             788,            439,     10808,           0,       3319
 1950,          2740,             793,            442,     10899,           0,       3337
 1960,          2759,             802,            447,     10973,           0,       3410
 1970,          2777,             810,            450,     11025,           0,       3379
 1980,          2791,             814,            452,     11131,           0,       3404
 1990,          2801,             814,            452,     11174,           0,       3417
 2000,          2819,             822,            455,     11271,           0,       3441
 2010,          2831,             824,            458,     11356,           0,       3466
 2020,          2847,             830,            460,     11437,           0,       3494
 2030,          2859,             832,            463,     11475,           0,       3502
 2040,          2871,             834,            464,     11583,           0,       3530
 2050,          2883,             836,            465,     11659,           0,       3576
 2060,          2896,             839,            468,     11698,           0,       3590
 2070,          2914,             847,            471,     11730,           0,       3602
 2080,          2930,             853,            477,     11772,           0,       3618
 2090,          2948,             861,            476,     11823,           0,       3629
 2100,          2964,             867,            500,     11878,           0,       3706
 2110,          2976,             869,            486,     11936,           0,       3693
 2120,          2990,             873,            483,     11978,           0,       3722
 2130,          3006,             879,            490,     12032,           0,       3726
 2140,          3019,             882,            488,     12079,           0,       3741
 2150,          3038,             891,            493,     12131,           0,       3762
 2160,          3053,             896,            495,     12198,           0,       3807
 2170,          3068,             901,            505,     12253,           0,       3839
 2180,          3081,             904,            500,     12303,           0,       3810
 2190,          3095,             908,            504,     12357,           0,       3847
 2200,          3108,             911,            504,     12386,           0,       3844
 2210,          3124,             917,            506,     12458,           0,       3877
 2220,          3137,             920,            508,     12511,           0,       3883
 2230,          3147,             920,            509,     12581,           0,       3933
 2240,          3161,             924,            511,     12634,           0,       3916
 2250,          3172,             925,            512,     12681,           0,       3933
 2260,          3185,             928,            515,     12750,           0,       3954
 2270,          3198,             931,            517,     12825,           0,       3979
 2280,          3212,             935,            520,     12867,           0,       3993
 2290,          3232,             945,            523,     12945,           0,       4011
 2300,          3250,             953,            526,     13026,           0,       4122
 2310,          3264,             957,            547,     13087,           0,       4273
 2320,          3274,             957,            531,     13117,           0,       4151
 2330,          3297,             970,            541,     13158,           0,       4134
 2340,          3311,             974,            538,     13229,           0,       4142
 2350,          3330,             983,            555,     13287,           0,       4209
 2360,          3344,             987,            551,     13348,           0,       4231
 2370,          3359,             992,            555,     13416,           0,       4239
 2380,          3375,             998,            558,     13470,           0,       4266
 2390,          3392,            1005,            561,     13539,           0,       4281
 2400,          3406,            1009,            564,     13595,           0,       4307
 2410,          3421,            1014,            566,     13644,           0,       4317
 2420,          3436,            1019,            569,     13745,           0,       4346
 2430,          3449,            1022,            573,     13801,           0,       4390
 2440,          3463,            1026,            575,     13839,           0,       4382
 2450,          3480,            1033,            577,     13915,           0,       4398
 2460,          3492,            1035,            580,     13980,           0,       4410
 2470,          3507,            1040,            583,     14048,           0,       4441
 2480,          3518,            1041,            581,     14103,           0,       4446
 2490,          3532,            1045,            586,     14167,           0,       4466
 2500,          3546,            1049,            589,     14230,           0,       4496
 2510,          3557,            1050,            587,     14322,           0,       4519
 2520,          3572,            1055,            589,     14375,           0,       4543
 2530,          3584,            1057,            595,     14456,           0,       4563
 2540,          3599,            1062,            597,     14524,           0,       4577
 2550,          3612,            1065,            600,     14600,           0,       4601
 2560,          3625,            1068,            601,     14700,           0,       4625
 2570,          3640,            1073,            601,     14741,           0,       4652
 2580,          3654,            1077,            603,     14762,           0,       4647
 2590,          3666,            1079,            606,     14822,           0,       4680
 2600,          3679,            1082,            608,     14898,           0,       4698
 2610,          3693,            1086,            610,     14960,           0,       4721
 2620,          3708,            1091,            613,     15002,           0,       4733
 2630,          3729,            1102,            619,     15075,           0,       4761
 2640,          3746,            1109,            621,     15100,           0,       4789
 2650,          3758,            1111,            626,     15159,           0,       4793
 2660,          3773,            1116,            627,     15237,           0,       4801
 2670,          3785,            1118,            627,     15288,           0,       4823
 2680,          3801,            1124,            641,     15371,           0,       4868
 2690,          3815,            1128,            632,     15454,           0,       4859
 2700,          3832,            1135,            634,     15481,           0,       4904
 2710,          3848,            1141,            641,     15574,           0,       4897
 2720,          3863,            1146,            641,     15614,           0,       4926
 2730,          3877,            1150,            643,     15677,           0,       4940
 2740,          3889,            1152,            648,     15733,           0,       4970
 2750,          3899,            1152,            647,     15844,           0,       4999
 2760,          3917,            1160,            648,     15871,           0,       4993
 2770,          3932,            1165,            661,     15953,           0,       5030
 2780,          3944,            1167,            653,     16037,           0,       5038
 2790,          3959,            1172,            655,     16120,           0,       5069
 2800,          3972,            1175,            659,     16167,           0,       5084
 2810,          3985,            1178,            659,     16238,           0,       5098
 2820,          4002,            1185,            663,     16315,           0,       5128
 2830,          4017,            1190,            667,     16367,           0,       5146
 2840,          4032,            1195,            667,     16431,           0,       5180
 2850,          4048,            1201,            673,     16506,           0,       5194
 2860,          4060,            1203,            674,     16557,           0,       5204
 2870,          4073,            1206,            677,     16633,           0,       5255
 2880,          4089,            1212,            679,     16711,           0,       5244
 2890,          4108,            1221,            682,     16775,           0,       5264
 2900,          4122,            1225,            686,     16841,           0,       5282
 2910,          4139,            1232,            686,     16908,           0,       5311
 2920,          4152,            1235,            690,     16977,           0,       5329
 2930,          4169,            1242,            692,     17074,           0,       5350
 2940,          4185,            1248,            694,     17150,           0,       5382
 2950,          4200,            1253,            697,     17201,           0,       5416
 2960,          4218,            1261,            703,     17299,           0,       5429
 2970,          4231,            1264,            705,     17334,           0,       5453
 2980,          4244,            1267,            705,     17399,           0,       5450
 2990,          4257,            1270,            713,     17504,           0,       5475
 3000,          4273,            1276,            717,     17562,           0,       5506
 3010,          4289,            1282,            716,     17661,           0,       5542
 3020,          4305,            1288,            716,     17734,           0,       5545
 3030,          4319,            1292,            719,     17801,           0,       5594
 3040,          4335,            1298,            723,     17897,           0,       5623
 3050,          4349,            1302,            724,     17983,           0,       5612
 3060,          4360,            1303,            729,     18078,           0,       5654
 3070,          4374,            1307,            726,     18156,           0,       5659
 3080,          4392,            1315,            735,     18220,           0,       5686
 3090,          4406,            1319,            744,     18269,           0,       5756
 3100,          4418,            1321,            806,     18314,           0,       5735
 3110,          4429,            1322,            737,     18364,           0,       5750
 3120,          4440,            1323,            739,     18395,           0,       5769
 3130,          4454,            1327,            739,     18470,           0,       5781
 3140,          4472,            1335,            746,     18520,           0,       5789
 3150,          4492,            1345,            749,     18568,           0,       5830
 3160,          4508,            1351,            756,     18629,           0,       5834
 3170,          4525,            1358,            756,     18715,           0,       5850
 3180,          4540,            1363,            757,     18745,           0,       5897
 3190,          4553,            1366,            771,     18809,           0,       5930
 3200,          4566,            1369,            762,     18911,           0,       5919
 3210,          4580,            1373,            761,     18930,           0,       5927
 3220,          4593,            1376,            767,     19010,           0,       5962
 3230,          4611,            1384,            766,     19053,           0,       5973
 3240,          4625,            1388,            769,     19123,           0,       6002
 3250,          4638,            1391,            773,     19184,           0,       6003
 3260,          4658,            1401,            773,     19250,           0,       6033
 3270,          4673,            1406,            781,     19341,           0,       6061
 3280,          4686,            1409,            783,     19364,           0,       6082
 3290,          4702,            1415,            787,     19428,           0,       6110
 3300,          4715,            1418,            788,     19510,           0,       6105
 3310,          4731,            1424,            789,     19587,           0,       6125
 3320,          4745,            1428,            793,     19671,           0,       6150
 3330,          4761,            1434,            793,     19733,           0,       6169
 3340,          4772,            1435,            794,     19784,           0,       6184
 3350,          4787,            1440,            797,     19841,           0,       6205
 3360,          4802,            1445,            801,     19909,           0,       6227
 3370,          4818,            1451,            804,     19973,           0,       6247
 3380,          4837,            1460,            808,     20039,           0,       6260
 3390,          4850,            1463,            808,     20112,           0,       6285
 3400,          4868,            1471,            813,     20152,           0,       6304
 3410,          4886,            1479,            816,     20237,           0,       6345
 3420,          4900,            1483,            817,     20308,           0,       6356
 3430,          4916,            1489,            820,     20376,           0,       6370
 3440,          4929,            1492,            823,     20451,           0,       6402
 3450,          4946,            1499,            833,     20533,           0,       6432
 3460,          4964,            1507,            833,     20588,           0,       6432
 3470,          4977,            1510,            833,     20647,           0,       6458
 3480,          4992,            1515,            836,     20729,           0,       6470
 3490,          5003,            1516,            838,     20791,           0,       6499
 3500,          5020,            1523,            838,     20886,           0,       6511
 3510,          5033,            1526,            844,     20924,           0,       6529
 3520,          5047,            1530,            849,     21028,           0,       6551
 3530,          5059,            1532,            846,     21090,           0,       6597
 3540,          5074,            1537,            850,     21165,           0,       6602
 3550,          5086,            1539,            851,     21257,           0,       6618
 3560,          5098,            1541,            849,     21334,           0,       6644
 3570,          5113,            1546,            855,     21424,           0,       6674
 3580,          5131,            1554,            859,     21504,           0,       6685
 3590,          5148,            1561,            860,     21560,           0,       6708
 3600,          5162,            1565,            862,     21598,           0,       6726
 3610,          5174,            1567,            864,     21652,           0,       6742
 3620,          5193,            1576,            870,     21770,           0,       6767
 3630,          5207,            1580,            869,     21800,           0,       6785
 3640,          5223,            1586,            875,     21897,           0,       6802
 3650,          5233,            1586,            874,     21950,           0,       6836
 3660,          5247,            1590,            885,     22010,           0,       6845
 3670,          5260,            1593,            880,     22043,           0,       6891
 3680,          5277,            1600,            882,     22147,           0,       6913
 3690,          5290,            1603,            889,     22219,           0,       6908
 3700,          5301,            1604,            899,     22286,           0,       6984
 3710,          5312,            1605,            903,     22354,           0,       6947
 3720,          5324,            1607,            890,     22434,           0,       6990
 3730,          5342,            1615,            892,     22513,           0,       6993
 3740,          5354,            1617,            892,     22575,           0,       7012
 3750,          5366,            1619,            906,     22611,           0,       7037
 3760,          5379,            1622,            898,     22702,           0,       7050
 3770,          5391,            1624,            902,     22801,           0,       7063
 3780,          5405,            1628,            901,     22830,           0,       7119
 3790,          5417,            1630,            908,     22933,           0,       7117
 3800,          5435,            1638,            905,     22993,           0,       7139
 3810,          5450,            1643,            912,     23079,           0,       7152
 3820,          5461,            1644,            924,     23177,           0,       7202
 3830,          5474,            1647,            916,     23256,           0,       7219
 3840,          5489,            1652,            915,     23331,           0,       7233
 3850,          5505,            1658,            918,     23385,           0,       7269
 3860,          5519,            1662,            919,     23465,           0,       7274
 3870,          5539,            1672,            926,     23545,           0,       7300
 3880,          5554,            1677,            934,     23606,           0,       7305
 3890,          5569,            1682,            929,     23692,           0,       7346
 3900,          5583,            1686,            935,     23776,           0,       7382
 3910,          5597,            1690,            936,     23835,           0,       7375
 3920,          5613,            1696,            939,     23915,           0,       7428
 3930,          5625,            1698,            940,     23992,           0,       7432
 3940,          5639,            1702,            941,     24053,           0,       7458
 3950,          5654,            1707,            944,     24161,           0,       7465
 3960,          5665,            1708,            945,     24235,           0,       7523
 3970,          5676,            1709,            948,     24343,           0,       7535
 3980,          5698,            1721,            952,     24387,           0,       7529
 3990,          5712,            1725,            952,     24473,           0,       7565
 4000,          5723,            1726,            954,     24559,           0,       7582
 4010,          5743,            1736,            961,     24617,           0,       7601
 4020,          5758,            1741,            960,     24754,           0,       7625
 4030,          5771,            1744,            965,     24801,           0,       7651
 4040,          5788,            1751,            967,     24903,           0,       7662
 4050,          5803,            1756,            971,     24953,           0,       7689
 4060,          5815,            1758,            970,     25044,           0,       7719
 4070,          5828,            1761,            975,     25144,           0,       7741
 4080,          5843,            1766,            977,     25228,           0,       7773
 4090,          5857,            1770,            978,     25343,           0,       7803
 4100,          5873,            1776,            983,     25404,           0,       7833
 4110,          5890,            1783,            983,     25453,           0,       7864
 4120,          5909,            1792,            988,     25478,           0,       7902
 4130,          5923,            1796,            990,     25542,           0,       7940
 4140,          5939,            1802,            992,     25561,           0,       7961
 4150,          5959,            1812,            996,     25657,           0,       7983
 4160,          5975,            1818,           1000,     25679,           0,       8034
 4170,          5989,            1822,           1005,     25733,           0,       8033
 4180,          5999,            1822,           1003,     25782,           0,       8040
 4190,          6017,            1830,           1007,     25834,           0,       8079
 4200,          6033,            1836,           1012,     25899,           0,       8081
 4210,          6047,            1840,           1028,     25937,           0,       8164
 4220,          6065,            1848,           1018,     25995,           0,       8112
 4230,          6084,            1857,           1021,     26086,           0,       8283
 4240,          6101,            1864,           1021,     26125,           0,       8157
 4250,          6116,            1869,           1024,     26157,           0,       8169
 4260,          6128,            1871,           1026,     26229,           0,       8186
 4270,          6143,            1876,           1030,     26276,           0,       8208
 4280,          6158,            1881,           1031,     26316,           0,       8240
 4290,          6173,            1886,           1036,     26426,           0,       8275
 4300,          6187,            1890,           1035,     26461,           0,       8288
 4310,          6198,            1891,           1041,     26511,           0,       8293
 4320,          6212,            1895,           1044,     26574,           0,       8325
 4330,          6226,            1899,           1042,     26645,           0,       8346
 4340,          6244,            1907,           1046,     26719,           0,       8347
 4350,          6261,            1914,           1051,     26741,           0,       8359
 4360,          6274,            1917,           1049,     26852,           0,       8382
 4370,          6288,            1921,           1055,     26890,           0,       8405
 4380,          6301,            1924,           1054,     26943,           0,       8424
 4390,          6313,            1926,           1057,     27005,           0,       8438
 4400,          6328,            1931,           1060,     27035,           0,       8454
 4410,          6344,            1937,           1064,     27115,           0,       8471
 4420,          6357,            1940,           1065,     27185,           0,       8508
 4430,          6376,            1949,           1067,     27204,           0,       8512
 4440,          6390,            1953,           1070,     27290,           0,       8554
 4450,          6403,            1956,           1077,     27346,           0,       8563
 4460,          6419,            1962,           1079,     27429,           0,       8597
 4470,          6432,            1965,           1078,     27465,           0,       8611
 4480,          6446,            1969,           1080,     27545,           0,       8615
 4490,          6458,            1971,           1081,     27600,           0,       8650
 4500,          6469,            1972,           1085,     27647,           0,       8690
 4510,          6480,            1973,           1085,     27696,           0,       8675
 4520,          6497,            1980,           1090,     27794,           0,       8717
 4530,          6517,            1990,           1091,     27884,           0,       8748
 4540,          6538,            2001,           1099,     27975,           0,       8742
 4550,          6553,            2006,           1101,     28016,           0,       8775
 4560,          6569,            2012,           1106,     28082,           0,       8818
 4570,          6585,            2018,           1107,     28129,           0,       8810
 4580,          6601,            2024,           1107,     28229,           0,       8826
 4590,          6612,            2025,           1110,     28324,           0,       8846
 4600,          6627,            2030,           1113,     28396,           0,       8873
 4610,          6638,            2031,           1116,     28432,           0,       8886
 4620,          6650,            2033,           1116,     28517,           0,       8909
 4630,          6665,            2038,           1117,     28560,           0,       8937
 4640,          6679,            2042,           1124,     28627,           0,       8963
 4650,          6699,            2052,           1127,     28692,           0,       8980
 4660,          6712,            2055,           1129,     28683,           0,       8986
 4670,          6725,            2058,           1129,     28817,           0,       9014
 4680,          6740,            2063,           1135,     28835,           0,       9029
 4690,          6759,            2072,           1137,     28892,           0,       9115
 4700,          6771,            2074,           1204,     28990,           0,       9289
 4710,          6781,            2074,           1181,     29036,           0,       9581
 4720,          6794,            2077,           1184,     29111,           0,       9369
 4730,          6808,            2081,           1179,     29154,           0,       9392
 4740,          6825,            2088,           1180,     29229,           0,       9540
 4750,          6838,            2091,           1205,     29294,           0,       9759
 4760,          6853,            2096,           1215,     29346,           0,       9156
 4770,          6866,            2099,           1151,     29402,           0,       9260
 4780,          6881,            2104,           1165,     29486,           0,       9079
 4790,          6894,            2107,           1142,     29553,           0,       9088
 4800,          6909,            2112,           1137,     29634,           0,       9140
 4810,          6921,            2114,           1140,     29656,           0,       9107
 4820,          6937,            2120,           1142,     29720,           0,       9156
 4830,          6949,            2122,           1144,     29807,           0,       9166
 4840,          6963,            2126,           1142,     29913,           0,       9171
 4850,          6976,            2129,           1150,     29982,           0,       9222
 4860,          6989,            2132,           1149,     30057,           0,       9231
 4870,          7002,            2135,           1155,     30135,           0,       9252
 4880,          7015,            2138,           1160,     30171,           0,       9291
 4890,          7027,            2140,           1157,     30244,           0,       9418
 4900,          7043,            2146,           1178,     30321,           0,       9470
 4910,          7059,            2152,           1187,     30341,           0,       9497
 4920,          7075,            2158,           1187,     30439,           0,       9511
 4930,          7087,            2160,           1194,     30531,           0,       9552
 4940,          7098,            2161,           1192,     30583,           0,       9557
 4950,          7111,            2164,           1190,     30649,           0,       9578
 4960,          7126,            2169,           1194,     30738,           0,       9617
 4970,          7140,            2173,           1209,     30776,           0,       9616
 4980,          7151,            2174,           1195,     30852,           0,       9632
 4990,          7164,            2177,           1199,     30950,           0,       9668
 5000,          7178,            2181,           1199,     31010,           0,       9773
 5010,          7190,            2183,           1200,     31074,           0,       9709
 5020,          7201,            2184,           1205,     31163,           0,       9745
 5030,          7213,            2186,           1221,     31235,           0,       9745
 5040,          7226,            2189,           1208,     31311,           0,       9775
 5050,          7238,            2191,           1209,     31408,           0,       9810
 5060,          7251,            2194,           1212,     31474,           0,       9836
 5070,          7263,            2196,           1248,     31558,           0,      10613
 5080,          7282,            2205,           1299,     31617,           0,      10403
 5090,          7296,            2209,           1308,     31683,           0,      10799
 5100,          7307,            2210,           1309,     31777,           0,      10813
 5110,          7321,            2214,           1318,     31867,           0,      10321
 5120,          7332,            2215,           1276,     31983,           0,      10298
 5130,          7344,            2217,           1288,     32038,           0,      10663
 5140,          7359,            2222,           1272,     32103,           0,      10252
 5150,          7370,            2223,           1261,     32151,           0,      10467
 5160,          7381,            2224,           1343,     32146,           0,      10843
 5170,          7394,            2227,           1307,     32207,           0,      10375
 5180,          7412,            2235,           1290,     32270,           0,      10500
 5190,          7430,            2243,           1363,     32376,           0,      10685
 5200,          7446,            2249,           1288,     32410,           0,      10388
 5210,          7458,            2251,           1284,     32452,           0,      10786
 5220,          7470,            2253,           1313,     32560,           0,      10419
 5230,          7481,            2254,           1313,     32573,           0,      10468
 5240,          7494,            2257,           1276,     32670,           0,      10425
 5250,          7506,            2259,           1283,     32755,           0,      10525
 5260,          7524,            2267,           1285,     32786,           0,      11314
 5270,          7536,            2269,           1374,     32819,           0,      11067
 5280,          7552,            2275,           1353,     32882,           0,      11063
 5290,          7562,            2275,           1336,     32970,           0,      10552
 5300,          7576,            2279,           1295,     33013,           0,      10617
 5310,          7589,            2282,           1302,     33090,           0,      10593
 5320,          7605,            2288,           1303,     33163,           0,      10559
 5330,          7620,            2293,           1274,     33234,           0,      10369
 5340,          7639,            2302,           1278,     33282,           0,      10388
 5350,          7654,            2307,           1279,     33394,           0,      10401
 5360,          7669,            2312,           1281,     33453,           0,      10610
 5370,          7681,            2314,           1282,     33524,           0,      10681
 5380,          7699,            2322,           1306,     33612,           0,      10478
 5390,          7712,            2325,           1286,     33678,           0,      10511
 5400,          7732,            2335,           1296,     33709,           0,      10557
 5410,          7743,            2336,           1308,     33786,           0,      10548
 5420,          7757,            2340,           1306,     33865,           0,      10581
 5430,          7768,            2341,           1299,     33948,           0,      10573
 5440,          7780,            2343,           1304,     33990,           0,      10598
 5450,          7796,            2349,           1303,     34059,           0,      10596
 5460,          7810,            2353,           1303,     34100,           0,      10636
 5470,          7823,            2356,           1303,     34187,           0,      10646
 5480,          7838,            2361,           1307,     34237,           0,      10684
 5490,          7856,            2369,           1312,     34369,           0,      10683
 5500,          7870,            2373,           1312,     34459,           0,      10722
 5510,          7884,            2377,           1314,     34513,           0,      10732
 5520,          7895,            2378,           1316,     34547,           0,      10776
 5530,          7910,            2383,           1345,     34617,           0,      10771
 5540,          7928,            2391,           1327,     34700,           0,      10781
 5550,          7944,            2397,           1324,     34746,           0,      10818
 5560,          7958,            2401,           1332,     34880,           0,      10842
 5570,          7970,            2403,           1334,     34960,           0,      10880
 5580,          7988,            2411,           1340,     35040,           0,      10900
 5590,          8010,            2423,           1336,     35090,           0,      10909
 5600,          8023,            2426,           1358,     35197,           0,      10935
 5610,          8039,            2432,           1343,     35271,           0,      10952
 5620,          8052,            2435,           1347,     35347,           0,      10973
 5630,          8067,            2440,           1345,     35449,           0,      11000
 5640,          8080,            2443,           1353,     35487,           0,      11019
 5650,          8091,            2444,           1353,     35514,           0,      11043
 5660,          8104,            2447,           1352,     35592,           0,      11100
 5670,          8120,            2453,           1364,     35697,           0,      11078
 5680,          8142,            2465,           1359,     35750,           0,      11144
 5690,          8152,            2465,           1371,     35810,           0,      11134
 5700,          8167,            2470,           1362,     35879,           0,      11142
 5710,          8184,            2477,           1368,     35952,           0,      11608
 5720,          8204,            2487,           1408,     36020,           0,      11938
 5730,          8219,            2492,           1503,     36089,           0,      11672
 5740,          8233,            2496,           1509,     36182,           0,      11806
 5750,          8249,            2502,           1413,     36230,           0,      11237
 5760,          8262,            2505,           1397,     36331,           0,      11270
 5770,          8282,            2515,           1393,     36415,           0,      11331
 5780,          8300,            2523,           1390,     36458,           0,      11309
 5790,          8314,            2527,           1395,     36518,           0,      11355
 5800,          8329,            2532,           1403,     36618,           0,      11420
 5810,          8345,            2538,           1410,     36714,           0,      11415
 5820,          8357,            2540,           1398,     36771,           0,      11483
 5830,          8374,            2547,           1403,     36826,           0,      11422
 5840,          8385,            2548,           1402,     36905,           0,      11466
 5850,          8401,            2554,           1406,     37013,           0,      11475
 5860,          8412,            2555,           1405,     37087,           0,      11517
 5870,          8427,            2560,           1429,     37163,           0,      11533
 5880,          8441,            2564,           1413,     37270,           0,      11618
 5890,          8460,            2573,           1418,     37345,           0,      11568
 5900,          8476,            2579,           1419,     37385,           0,      11573
 5910,          8492,            2585,           1427,     37457,           0,      11615
 5920,          8511,            2594,           1430,     37556,           0,      11634
 5930,          8524,            2597,           1430,     37618,           0,      11682
 5940,          8540,            2603,           1445,     37669,           0,      11688
 5950,          8557,            2610,           1436,     37793,           0,      11758
 5960,          8573,            2616,           1445,     37834,           0,      11752
 5970,          8593,            2626,           1441,     37922,           0,      11810
 5980,          8607,            2630,           1447,     38046,           0,      11801
 5990,          8619,            2632,           1441,     38082,           0,      11843
 6000,          8635,            2638,           1451,     38158,           0,      11817
 6010,          8646,            2639,           1450,     38269,           0,      11843
 6020,          8663,            2646,           1467,     38351,           0,      11866
 6030,          8675,            2648,           1468,     38448,           0,      11907
 6040,          8688,            2651,           1458,     38530,           0,      11941
 6050,          8705,            2658,           1461,     38608,           0,      11950
 6060,          8719,            2662,           1464,     38679,           0,      11994
 6070,          8732,            2665,           1466,     38778,           0,      12006
 6080,          8745,            2668,           1466,     38865,           0,      12043
 6090,          8762,            2675,           1469,     38931,           0,      12080
 6100,          8775,            2678,           1471,     39023,           0,      12060
 6110,          8791,            2684,           1473,     39094,           0,      12087
 6120,          8810,            2693,           1479,     39221,           0,      12105
 6130,          8821,            2694,           1485,     39306,           0,      12132
 6140,          8836,            2699,           1481,     39398,           0,      12154
 6150,          8848,            2701,           1528,     39473,           0,      12646
 6160,          8869,            2712,           1533,     39533,           0,      12635
 6170,          8890,            2723,           1616,     39594,           0,      13628
 6180,          8901,            2724,           1673,     39661,           0,      12376
 6190,          8916,            2729,           1472,     39684,           0,      12056
 6200,          8930,            2733,           1477,     39760,           0,      12073
 6210,          8944,            2737,           1472,     39816,           0,      12077
 6220,          8963,            2746,           1474,     39862,           0,      12108
 6230,          8980,            2753,           1479,     39921,           0,      12097
 6240,          8997,            2760,           1482,     39977,           0,      12177
 6250,          9009,            2762,           1522,     40010,           0,      12300
 6260,          9024,            2767,           1490,     40116,           0,      12172
 6270,          9036,            2769,           1489,     40146,           0,      12178
 6280,          9051,            2774,           1491,     40198,           0,      12211
 6290,          9071,            2784,           1500,     40286,           0,      12228
 6300,          9082,            2785,           1504,     40326,           0,      12240
 6310,          9098,            2791,           1497,     40382,           0,      12258
 6320,          9112,            2795,           1500,     40457,           0,      12278
 6330,          9123,            2796,           1514,     40474,           0,      12304
 6340,          9139,            2802,           1502,     40616,           0,      12345
 6350,          9155,            2808,           1506,     40645,           0,      12350
 6360,          9170,            2813,           1513,     40690,           0,      12360
 6370,          9184,            2817,           1511,     40802,           0,      12392
 6380,          9199,            2822,           1513,     40869,           0,      12428
 6390,          9219,            2832,           1516,     40958,           0,      12437
 6400,          9233,            2836,           1520,     41039,           0,      12473
 6410,          9245,            2838,           1525,     41125,           0,      12497
 6420,          9258,            2841,           1523,     41119,           0,      12505
 6430,          9274,            2847,           1540,     41199,           0,      12513
 6440,          9290,            2853,           1533,     41267,           0,      12540
 6450,          9311,            2864,           1540,     41336,           0,      12556
 6460,          9321,            2864,           1538,     41401,           0,      12589
 6470,          9338,            2871,           1547,     41481,           0,      12635
 6480,          9355,            2878,           1598,     41530,           0,      12623
 6490,          9368,            2881,           1543,     41562,           0,      12627
 6500,          9387,            2890,           1572,     41642,           0,      12645
 6510,          9404,            2897,           1557,     41756,           0,      12682
 6520,          9421,            2904,           1557,     41767,           0,      12675
 6530,          9440,            2913,           1576,     41913,           0,      12722
 6540,          9454,            2917,           1578,     41971,           0,      12727
 6550,          9467,            2920,           1579,     41986,           0,      12746
 6560,          9481,            2924,           1569,     42095,           0,      12776
 6570,          9495,            2928,           1572,     42185,           0,      12793
 6580,          9510,            2933,           1591,     42204,           0,      12813
 6590,          9526,            2939,           1575,     42340,           0,      12834
 6600,          9547,            2950,           1589,     42343,           0,      12850
 6610,          9558,            2951,           1581,     42490,           0,      12930
 6620,          9569,            2952,           1593,     42533,           0,      12892
 6630,          9583,            2956,           1590,     42624,           0,      12934
 6640,          9595,            2958,           1585,     42700,           0,      12956
 6650,          9610,            2963,           1585,     42819,           0,      13005
 6660,          9628,            2971,           1594,     42845,           0,      13000
 6670,          9640,            2973,           1590,     42946,           0,      13046
 6680,          9657,            2980,           1593,     42944,           0,      13023
 6690,          9673,            2986,           1597,     43049,           0,      13079
 6700,          9689,            2992,           1600,     43094,           0,      13077
 6710,          9702,            2995,           1603,     43121,           0,      13095
 6720,          9720,            3003,           1604,     43234,           0,      13105
 6730,          9735,            3008,           1610,     43344,           0,      13197
 6740,          9747,            3010,           1615,     43365,           0,      13165
 6750,          9760,            3013,           1621,     43463,           0,      13189
 6760,          9774,            3017,           1652,     43488,           0,      13294
 6770,          9789,            3022,           1636,     43586,           0,      13270
 6780,          9803,            3026,           1621,     43634,           0,      13234
 6790,          9816,            3029,           1618,     43744,           0,      13290
 6800,          9831,            3034,           1631,     43810,           0,      13304
 6810,          9848,            3041,           1626,     43875,           0,      13325
 6820,          9860,            3043,           1630,     43928,           0,      13329
 6830,          9872,            3045,           1629,     44000,           0,      13351
 6840,          9886,            3049,           1629,     44107,           0,      13357
 6850,          9901,            3054,           1645,     44153,           0,      13403
 6860,          9917,            3060,           1636,     44233,           0,      13407
 6870,          9931,            3064,           1641,     44248,           0,      13402
 6880,          9944,            3067,           1644,     44439,           0,      13454
 6890,          9963,            3076,           1643,     44450,           0,      13453
 6900,          9975,            3078,           1652,     44551,           0,      13504
 6910,          9992,            3085,           1653,     44664,           0,      13530
 6920,         10003,            3086,           1653,     44678,           0,      13548
 6930,         10015,            3088,           1655,     44771,           0,      13561
 6940,         10028,            3091,           1657,     44772,           0,      13573
 6950,         10042,            3095,           1660,     44903,           0,      13608
 6960,         10054,            3097,           1661,     44972,           0,      13622
 6970,         10067,            3100,           1662,     45069,           0,      13630
 6980,         10079,            3102,           1669,     45117,           0,      13685
 6990,         10096,            3109,           1667,     45184,           0,      13698
 7000,         10113,            3116,           1676,     45272,           0,      13715
 7010,         10131,            3124,           1677,     45359,           0,      13707
 7020,         10145,            3128,           1672,     45412,           0,      13733
 7030,         10156,            3129,           1679,     45530,           0,      13777
 7040,         10174,            3137,           1682,     45644,           0,      13808
 7050,         10187,            3140,           1687,     45682,           0,      13849
 7060,         10201,            3144,           1688,     45760,           0,      13837
 7070,         10217,            3150,           1705,     45879,           0,      14191
 7080,         10231,            3154,           1698,     45919,           0,      13896
 7090,         10248,            3161,           1688,     46030,           0,      13933
 7100,         10263,            3166,           1712,     46105,           0,      13942
 7110,         10280,            3173,           1699,     46179,           0,      14006
 7120,         10291,            3174,           1703,     46266,           0,      14018
 7130,         10307,            3180,           1704,     46363,           0,      14024
 7140,         10321,            3184,           1706,     46465,           0,      14040
 7150,         10334,            3187,           1707,     46530,           0,      14114
 7160,         10352,            3195,           1709,     46613,           0,      14080
 7170,         10366,            3199,           1721,     46733,           0,      14129
 7180,         10382,            3205,           1717,     46773,           0,      14151
 7190,         10396,            3209,           1717,     46824,           0,      14166
 7200,         10409,            3212,           1725,     46861,           0,      14150
 7210,         10423,            3216,           1719,     46965,           0,      14209
 7220,         10437,            3220,           1724,     46980,           0,      14211
 7230,         10448,            3221,           1728,     47061,           0,      14222
 7240,         10465,            3228,           1727,     47178,           0,      14251
 7250,         10478,            3231,           1734,     47224,           0,      14266
 7260,         10493,            3236,           1739,     47282,           0,      14291
 7270,         10507,            3240,           1770,     47348,           0,      14406
 7280,         10529,            3252,           1743,     47449,           0,      14316
 7290,         10541,            3254,           1744,     47523,           0,      14342
 7300,         10563,            3266,           1745,     47594,           0,      14374
 7310,         10575,            3268,           1761,     47644,           0,      14363
 7320,         10587,            3270,           1771,     47737,           0,      14410
 7330,         10603,            3276,           1764,     47778,           0,      14436
 7340,         10620,            3283,           1754,     47818,           0,      14451
 7350,         10637,            3290,           1758,     47988,           0,      14492
 7360,         10656,            3299,           1763,     48029,           0,      14518
 7370,         10674,            3307,           1771,     48105,           0,      14533
 7380,         10686,            3309,           1770,     48171,           0,      14536
 7390,         10698,            3311,           1768,     48261,           0,      14568
 7400,         10712,            3315,           1781,     48326,           0,      14566
 7410,         10724,            3317,           1771,     48359,           0,      14603
 7420,         10738,            3321,           1774,     48481,           0,      14609
 7430,         10751,            3324,           1802,     48552,           0,      14670
 7440,         10763,            3326,           1780,     48636,           0,      14673
 7450,         10782,            3335,           1785,     48681,           0,      14680
 7460,         10799,            3342,           1783,     48780,           0,      14698
 7470,         10815,            3348,           1786,     48862,           0,      14711
 7480,         10826,            3349,           1790,     48912,           0,      14737
 7490,         10845,            3358,           1793,     49004,           0,      14768
 7500,         10861,            3364,           1814,     49053,           0,      14822
 7510,         10878,            3371,           1796,     49188,           0,      14829
 7520,         10895,            3378,           1802,     49219,           0,      14838
 7530,         10909,            3382,           1805,     49317,           0,      14885
 7540,         10922,            3385,           1820,     49414,           0,      14888
 7550,         10934,            3387,           1809,     49468,           0,      14935
 7560,         10944,            3387,           1827,     49496,           0,      14921
 7570,         10958,            3391,           1839,     49581,           0,      14969
 7580,         10975,            3398,           1815,     49753,           0,      14982
 7590,         10994,            3407,           1821,     49752,           0,      15001
 7600,         11006,            3409,           1820,     49849,           0,      15053
 7610,         11024,            3417,           1854,     49938,           0,      15365
 7620,         11038,            3421,           1832,     50057,           0,      15084
 7630,         11050,            3423,           1840,     50135,           0,      15086
 7640,         11063,            3426,           1842,     50219,           0,      15142
 7650,         11078,            3431,           1833,     50302,           0,      15176
 7660,         11093,            3436,           1836,     50423,           0,      15193
 7670,         11107,            3440,           1836,     50490,           0,      15222
 7680,         11121,            3444,           1839,     50609,           0,      15223
 7690,         11134,            3447,           1842,     50638,           0,      15303
 7700,         11148,            3451,           1843,     50676,           0,      15241
 7710,         11163,            3456,           1848,     50792,           0,      15279
 7720,         11174,            3457,           1847,     50835,           0,      15304
 7730,         11189,            3462,           1850,     50955,           0,      15331
 7740,         11207,            3470,           1856,     51014,           0,      15347
 7750,         11223,            3476,           1868,     51114,           0,      15360
 7760,         11235,            3478,           1879,     51133,           0,      15388
 7770,         11252,            3485,           1860,     51230,           0,      15440
 7780,         11263,            3486,           1889,     51342,           0,      15530
 7790,         11276,            3489,           1867,     51392,           0,      15459
 7800,         11291,            3494,           1869,     51504,           0,      15496
 7810,         11306,            3499,           1882,     51521,           0,      15493
 7820,         11324,            3507,           1872,     51670,           0,      15538
 7830,         11339,            3512,           1880,     51743,           0,      15542
 7840,         11357,            3520,           1882,     51818,           0,      15593
 7850,         11373,            3526,           1882,     51924,           0,      15608
 7860,         11384,            3527,           1878,     51996,           0,      15876
 7870,         11400,            3533,           1954,     52050,           0,      16414
 7880,         11414,            3537,           2030,     52139,           0,      16482
 7890,         11432,            3545,           1997,     52203,           0,      16590
 7900,         11448,            3551,           1993,     52315,           0,      16643
 7910,         11462,            3555,           1898,     52402,           0,      15828
 7920,         11480,            3563,           1913,     52501,           0,      15761
 7930,         11493,            3566,           1904,     52593,           0,      15829
 7940,         11507,            3570,           1900,     52702,           0,      15848
 7950,         11521,            3574,           1908,     52737,           0,      15880
 7960,         11535,            3578,           1913,     52849,           0,      15872
 7970,         11552,            3585,           1913,     52915,           0,      15908
 7980,         11562,            3585,           1913,     52992,           0,      15899
 7990,         11576,            3589,           1911,     53076,           0,      15942
 8000,         11590,            3593,           1919,     53156,           0,      15955
 8010,         11602,            3595,           1924,     53216,           0,      15945
 8020,         11614,            3597,           1919,     53321,           0,      15974
 8030,         11628,            3601,           1925,     53446,           0,      15993
 8040,         11645,            3608,           1924,     53548,           0,      16053
 8050,         11658,            3611,           1925,     53576,           0,      16104
 8060,         11672,            3615,           1938,     53702,           0,      16105
 8070,         11686,            3619,           1940,     53735,           0,      16138
 8080,         11703,            3626,           1936,     53900,           0,      16136
 8090,         11718,            3631,           1938,     53963,           0,      16152
 8100,         11739,            3642,           1943,     54026,           0,      16194
 8110,         11752,            3645,           1946,     54125,           0,      16239
 8120,         11767,            3650,           2119,     54237,           0,      16260
 8130,         11780,            3653,           1948,     54331,           0,      16242
 8140,         11797,            3660,           1945,     54411,           0,      16277
 8150,         11813,            3666,           1950,     54511,           0,      16303
 8160,         11827,            3670,           1955,     54644,           0,      16313
 8170,         11847,            3680,           1974,     54749,           0,      16385
 8180,         11862,            3685,           1965,     54833,           0,      16390
 8190,         11882,            3695,           1967,     54961,           0,      16423
 8200,         11892,            3695,           1970,     54994,           0,      16523
 8210,         11911,            3704,           1972,     55074,           0,      16499
 8220,         11928,            3711,           1973,     55094,           0,      16558
 8230,         11945,            3718,           1975,     55107,           0,      16570
 8240,         11961,            3724,           1994,     55137,           0,      16649
 8250,         11973,            3726,           1982,     55212,           0,      16686
 8260,         11997,            3740,           1986,     55280,           0,      16687
 8270,         12012,            3745,           1991,     55321,           0,      16729
 8280,         12030,            3753,           1991,     55352,           0,      16761
 8290,         12046,            3759,           2034,     55413,           0,      16847
 8300,         12060,            3763,           2010,     55506,           0,      16799
 8310,         12074,            3767,           2002,     55567,           0,      16837
 8320,         12093,            3776,           2010,     55623,           0,      16967
 8330,         12108,            3781,           2047,     55639,           0,      16850
 8340,         12121,            3784,           2011,     55719,           0,      16866
 8350,         12131,            3784,           2020,     55738,           0,      16885
 8360,         12145,            3788,           2024,     55792,           0,      16883
 8370,         12161,            3794,           2014,     55842,           0,      16883
 8380,         12177,            3800,           2020,     55937,           0,      17035
 8390,         12190,            3803,           2048,     56009,           0,      16954
 8400,         12202,            3805,           2027,     56061,           0,      17014
 8410,         12217,            3810,           2025,     56103,           0,      16991
 8420,         12236,            3819,           2027,     56162,           0,      16999
 8430,         12252,            3825,           2028,     56213,           0,      17035
 8440,         12264,            3827,           2031,     56289,           0,      17032
 8450,         12277,            3830,           2035,     56398,           0,      17097
 8460,         12294,            3837,           2043,     56455,           0,      17118
 8470,         12312,            3845,           2042,     56481,           0,      17082
 8480,         12327,            3850,           2043,     56541,           0,      17112
 8490,         12341,            3854,           2042,     56586,           0,      17134
 8500,         12356,            3859,           2049,     56645,           0,      17389
 8510,         12376,            3869,           2058,     56687,           0,      17211
 8520,         12391,            3874,           2053,     56769,           0,      17191
 8530,         12403,            3876,           2056,     56833,           0,      17220
 8540,         12419,            3882,           2060,     56891,           0,      17251
 8550,         12432,            3885,           2067,     56939,           0,      17281
 8560,         12448,            3891,           2067,     56991,           0,      17294
 8570,         12470,            3903,           2069,     57121,           0,      17297
 8580,         12482,            3905,           2068,     57161,           0,      17371
 8590,         12494,            3907,           2072,     57201,           0,      17349
 8600,         12521,            3924,           2079,     57298,           0,      17389
 8610,         12532,            3925,           2086,     57342,           0,      17417
 8620,         12545,            3928,           2081,     57396,           0,      17408
 8630,         12560,            3933,           2081,     57485,           0,      17443
 8640,         12574,            3937,           2089,     57539,           0,      17461
 8650,         12590,            3943,           2086,     57629,           0,      17461
 8660,         12606,            3949,           2092,     57684,           0,      17516
 8670,         12617,            3950,           2110,     57783,           0,      17527
 8680,         12634,            3957,           2094,     57862,           0,      17549
 8690,         12648,            3961,           2097,     57950,           0,      17577
 8700,         12662,            3965,           2096,     57945,           0,      17587
 8710,         12673,            3966,           2103,     58094,           0,      17609
 8720,         12688,            3971,           2108,     58107,           0,      17663
 8730,         12704,            3977,           2106,     58181,           0,      17639
 8740,         12714,            3977,           2106,     58199,           0,      17673
 8750,         12730,            3983,           2110,     58281,           0,      17718
 8760,         12747,            3990,           2110,     58321,           0,      17710
 8770,         12766,            3999,           2116,     58432,           0,      17720
 8780,         12780,            4003,           2120,     58433,           0,      17785
 8790,         12794,            4007,           2123,     58500,           0,      17781
 8800,         12805,            4008,           2166,     58544,           0,      17911
 8810,         12821,            4014,           2126,     58648,           0,      17839
 8820,         12835,            4018,           2127,     58699,           0,      17823
 8830,         12853,            4026,           2131,     58828,           0,      17874
 8840,         12866,            4029,           2127,     58807,           0,      17894
 8850,         12878,            4031,           2139,     58864,           0,      17885
 8860,         12891,            4034,           2139,     58916,           0,      17893
 8870,         12906,            4039,           2155,     59001,           0,      17941
 8880,         12928,            4051,           2145,     59090,           0,      17972
 8890,         12942,            4055,           2150,     59147,           0,      17972
 8900,         12957,            4060,           2164,     59220,           0,      17966
 8910,         12976,            4069,           2154,     59359,           0,      18033
 8920,         12990,            4073,           2155,     59373,           0,      18038
 8930,         13005,            4078,           2162,     59418,           0,      18072
 8940,         13018,            4081,           2169,     59499,           0,      18075
 8950,         13035,            4088,           2159,     59604,           0,      18095
 8960,         13049,            4092,           2172,     59658,           0,      18108
 8970,         13062,            4095,           2167,     59736,           0,      18133
 8980,         13074,            4097,           2170,     59778,           0,      18175
 8990,         13088,            4101,           2172,     59869,           0,      18170
 9000,         13102,            4105,           2170,     59891,           0,      18187
 9010,         13116,            4109,           2177,     59998,           0,      18231
 9020,         13139,            4122,           2188,     60023,           0,      18252
 9030,         13154,            4127,           2203,     60095,           0,      18698
 9040,         13165,            4128,           2225,     60192,           0,      18647
 9050,         13177,            4130,           2229,     60285,           0,      18649
 9060,         13190,            4133,           2237,     60352,           0,      18690
 9070,         13206,            4139,           2246,     60404,           0,      18721
 9080,         13217,            4140,           2235,     60505,           0,      18757
 9090,         13229,            4142,           2236,     60622,           0,      18779
 9100,         13240,            4143,           2238,     60619,           0,      18836
 9110,         13255,            4148,           2261,     60695,           0,      18784
 9120,         13268,            4151,           2243,     60779,           0,      18792
 9130,         13281,            4154,           2243,     60859,           0,      18934
 9140,         13296,            4159,           2252,     60902,           0,      18849
 9150,         13310,            4163,           2247,     61038,           0,      18913
 9160,         13327,            4170,           2256,     61085,           0,      18905
 9170,         13338,            4171,           2259,     61220,           0,      18927
 9180,         13352,            4175,           2257,     61281,           0,      19487
 9190,         13363,            4176,           2418,     61316,           0,      18628
 9200,         13381,            4184,           2227,     61438,           0,      18625
 9210,         13398,            4191,           2220,     61516,           0,      18676
 9220,         13417,            4200,           2225,     61532,           0,      18698
 9230,         13435,            4208,           2228,     61623,           0,      18719
 9240,         13450,            4213,           2251,     61692,           0,      18746
 9250,         13466,            4219,           2232,     61746,           0,      18757
 9260,         13478,            4221,           2245,     61831,           0,      18782
 9270,         13491,            4224,           2238,     61815,           0,      18768
 9280,         13504,            4227,           2233,     61958,           0,      18836
 9290,         13520,            4233,           2248,     61958,           0,      18825
 9300,         13531,            4234,           2251,     62080,           0,      18844
 9310,         13551,            4244,           2290,     62118,           0,      19026
 9320,         13567,            4250,           2254,     62139,           0,      18891
 9330,         13577,            4250,           2251,     62289,           0,      18917
 9340,         13595,            4258,           2257,     62332,           0,      18922
 9350,         13612,            4265,           2253,     62409,           0,      18964
 9360,         13623,            4266,           2258,     62458,           0,      19025
 9370,         13638,            4271,           2265,     62520,           0,      19018
 9380,         13653,            4276,           2263,     62547,           0,      19012
 9390,         13666,            4279,           2265,     62631,           0,      19058
 9400,         13680,            4283,           2269,     62747,           0,      19045
 9410,         13696,            4289,           2271,     62781,           0,      19044
 9420,         13706,            4289,           2288,     62813,           0,      19093
 9430,         13720,            4293,           2268,     62868,           0,      19104
 9440,         13737,            4300,           2277,     62993,           0,      19117
 9450,         13752,            4305,           2281,     63059,           0,      19157
 9460,         13766,            4309,           2280,     63109,           0,      19174
 9470,         13779,            4312,           2285,     63248,           0,      19223
 9480,         13791,            4314,           2290,     63309,           0,      19225
 9490,         13802,            4315,           2292,     63361,           0,      19241
 9500,         13814,            4317,           2291,     63381,           0,      19279
 9510,         13832,            4325,           2290,     63484,           0,      19284
 9520,         13847,            4330,           2295,     63528,           0,      19273
 9530,         13859,            4332,           2299,     63608,           0,      19329
 9540,         13877,            4340,           2301,     63666,           0,      19369
 9550,         13890,            4343,           2305,     63765,           0,      19442
 9560,         13902,            4345,           2310,     63845,           0,      19417
 9570,         13914,            4347,           2305,     63856,           0,      19418
 9580,         13927,            4350,           2306,     63939,           0,      19454
 9590,         13946,            4359,           2310,     64020,           0,      19467
 9600,         13958,            4361,           2315,     64101,           0,      19523
 9610,         13971,            4364,           2326,     64186,           0,      19480
 9620,         13983,            4366,           2321,     64226,           0,      19525
 9630,         14000,            4373,           2319,     64334,           0,      19541
 9640,         14014,            4377,           2329,     64388,           0,      19536
 9650,         14030,            4383,           2331,     64470,           0,      19589
 9660,         14044,            4387,           2334,     64533,           0,      19582
 9670,         14062,            4395,           2337,     64649,           0,      19639
 9680,         14075,            4398,           2339,     64749,           0,      19636
 9690,         14089,            4402,           2336,     64806,           0,      19680
 9700,         14102,            4405,           2340,     64886,           0,      19688
 9710,         14114,            4407,           2346,     64956,           0,      19740
 9720,         14130,            4413,           2362,     65065,           0,      19809
 9730,         14145,            4418,           2348,     65139,           0,      20140
 9740,         14158,            4421,           2350,     65203,           0,      19827
 9750,         14171,            4424,           2349,     65268,           0,      19845
 9760,         14187,            4430,           2353,     65298,           0,      19871
 9770,         14197,            4430,           2355,     65348,           0,      19896
 9780,         14213,            4436,           2354,     65458,           0,      19982
 9790,         14224,            4437,           2356,     65506,           0,      19907
 9800,         14238,            4441,           2364,     65607,           0,      20203
 9810,         14250,            4443,           2366,     65684,           0,      19947
 9820,         14262,            4445,           2409,     65696,           0,      20113
 9830,         14274,            4447,           2372,     65847,           0,      19971
 9840,         14288,            4451,           2385,     65877,           0,      20001
 9850,         14300,            4453,           2374,     65960,           0,      20301
 9860,         14312,            4455,           2367,     66058,           0,      20263
 9870,         14332,            4465,           2380,     66126,           0,      20045
 9880,         14346,            4469,           2379,     66167,           0,      20054
 9890,         14359,            4472,           2379,     66243,           0,      20091
 9900,         14376,            4479,           2381,     66310,           0,      20097
 9910,         14394,            4487,           2385,     66361,           0,      20164
 9920,         14409,            4492,           2421,     66481,           0,      20133
 9930,         14422,            4495,           2384,     66552,           0,      20185
 9940,         14440,            4503,           2417,     66604,           0,      20215
 9950,         14456,            4509,           2397,     66766,           0,      20266
 9960,         14469,            4512,           2398,     66795,           0,      20294
 9970,         14480,            4513,           2405,     66907,           0,      20394
 9980,         14492,            4515,           2419,     66979,           0,      20444
 9990,         14507,            4520,           2422,     67052,           0,      20457
10000,         14520,            4523,           2429,     67100,           0,      20442
